{
	"Alabama": ["AUBURN",
		"BIRMINGHAM",
		"DOTHAN",
		"FLORENCE / MUSCLE SHOALS",
		"GADSDEN-ANNISTON",
		"HUNTSVILLE / DECATUR",
		"MOBILE",
		"MONTGOMERY",
		"TUSCALOOSA"],
    "Alaska": [
		"ANCHORAGE / MAT-SU",
		"FAIRBANKS",
		"KENAI PENINSULA",
		"SOUTHEAST ALASKA"
	],

	"Arizona": ["FLAGSTAFF / SEDONA",
		"MOHAVE COUNTY",
		"PHOENIX",
		"PRESCOTT",
		"SHOW LOW",
		"SIERRA VISTA",
		"TUCSON",
		"YUMA"
	],

	"Arkansas": ["FAYETTEVILLE",
		"FORT SMITH",
		"JONESBORO",
		"LITTLE ROCK",
		"TEXARKANA"
	],

	"California": ["BAKERSFIELD",
		"CHICO",
		"FRESNO / MADERA",
		"GOLD COUNTRY",
		"HANFORD-CORCORAN",
		"HUMBOLDT COUNTY",
		"IMPERIAL COUNTY",
		"INLAND EMPIRE",
		"LOS ANGELES",
		"MENDOCINO COUNTY",
		"MERCED",
		"MODESTO",
		"MONTEREY BAY",
		"ORANGE COUNTY",
		"PALM SPRINGS",
		"REDDING",
		"SACRAMENTO",
		"SAN DIEGO",
		"SAN FRANCISCO BAY AREA",
		"SAN LUIS OBISPO",
		"SANTA BARBARA",
		"SANTA MARIA",
		"SISKIYOU COUNTY",
		"STOCKTON",
		"SUSANVILLE",
		"VENTURA COUNTY",
		"VISALIA-TULARE",
		"YUBA-SUTTER"
	],

	"Colorado": ["BOULDER",
		"COLORADO SPRINGS",
		"DENVER",
		"EASTERN CO",
		"FORT COLLINS / NORTH CO",
		"HIGH ROCKIES",
		"PUEBLO",
		"WESTERN SLOPE"
	],

	"Connecticut": ["EASTERN CT",
		"HARTFORD",
		"NEW HAVEN",
		"NORTHWEST CT"
	],

	"Delaware": ["DELAWARE"],

	"District of Columbia": ["WASHINGTON"],

	"Florida": ["BROWARD COUNTY",
		"DAYTONA BEACH",
		"FLORIDA KEYS",
		"FORT LAUDERDALE",
		"FT MYERS / SW FLORIDA",
		"GAINESVILLE",
		"HEARTLAND FLORIDA",
		"JACKSONVILLE",
		"LAKELAND",
		"MIAMI / DADE",
		"NORTH CENTRAL FL",
		"OCALA",
		"OKALOOSA / WALTON",
		"ORLANDO",
		"PANAMA CITY",
		"PENSACOLA",
		"SARASOTA-BRADENTON",
		"SOUTH FLORIDA",
		"SPACE COAST",
		"ST AUGUSTINE",
		"TALLAHASSEE",
		"TAMPA BAY AREA",
		"TREASURE COAST",
		"PALM BEACH COUNTY"
	],

	"Georgia": ["ALBANY",
		"ATHENS",
		"ATLANTA",
		"AUGUSTA",
		"BRUNSWICK",
		"COLUMBUS",
		"MACON / WARNER ROBINS",
		"NORTHWEST GA",
		"SAVANNAH / HINESVILLE",
		"STATESBORO",
		"VALDOSTA"
	],

	"Hawaii": ["HAWAII"],

	"Idaho": ["BOISE",
		"EAST IDAHO",
		"LEWISTON / CLARKSTON",
		"TWIN FALLS"
	],

	"Illinois": ["BLOOMINGTON-NORMAL",
		"CHAMPAIGN URBANA",
		"CHICAGO",
		"DECATUR",
		"LA SALLE CO",
		"MATTOON-CHARLESTON",
		"PEORIA",
		"ROCKFORD",
		"SOUTHERN ILLINOIS",
		"SPRINGFIELD",
		"WESTERN IL"
	],

	"Indiana": ["BLOOMINGTON",
		"EVANSVILLE",
		"FORT WAYNE",
		"INDIANAPOLIS",
		"KOKOMO",
		"LAFAYETTE / WEST LAFAYETTE",
		"MUNCIE / ANDERSON",
		"RICHMOND",
		"SOUTH BEND / MICHIANA",
		"TERRE HAUTE"
	],

	"Iowa": ["AMES",
		"CEDAR RAPIDS",
		"DES MOINES",
		"DUBUQUE",
		"FORT DODGE",
		"IOWA CITY",
		"MASON CITY",
		"QUAD CITIES",
		"SIOUX CITY",
		"SOUTHEAST IA",
		"WATERLOO / CEDAR FALLS"
	],

	"Kansas": ["LAWRENCE",
		"MANHATTAN",
		"NORTHWEST KS",
		"SALINA",
		"SOUTHEAST KS",
		"SOUTHWEST KS",
		"TOPEKA",
		"WICHITA"
	],

	"Kentucky": ["BOWLING GREEN",
		"EASTERN KENTUCKY",
		"LEXINGTON",
		"LOUISVILLE",
		"OWENSBORO",
		"WESTERN KY"
	],

	"Louisiana": ["BATON ROUGE",
		"CENTRAL LOUISIANA",
		"HOUMA",
		"LAFAYETTE",
		"LAKE CHARLES",
		"MONROE",
		"NEW ORLEANS",
		"SHREVEPORT"
	],

	"Maine": ["MAINE"],

	"Maryland": ["ANNAPOLIS",
		"BALTIMORE",
		"EASTERN SHORE",
		"FREDERICK",
		"SOUTHERN MARYLAND",
		"WESTERN MARYLAND"
	],

	"Massachusetts": ["BOSTON",
		"CAPE COD / ISLANDS",
		"SOUTH COAST",
		"WESTERN MASSACHUSETTS",
		"WORCESTER / CENTRAL MA"
	],

	"Michigan": ["ANN ARBOR",
		"BATTLE CREEK",
		"CENTRAL MICHIGAN",
		"DETROIT METRO",
		"FLINT",
		"GRAND RAPIDS",
		"HOLLAND",
		"JACKSON",
		"KALAMAZOO",
		"LANSING",
		"MONROE",
		"MUSKEGON",
		"NORTHERN MICHIGAN",
		"PORT HURON",
		"SAGINAW-MIDLAND-BAYCITY",
		"SOUTHWEST MICHIGAN",
		"THE THUMB",
		"UPPER PENINSULA"
	],

	"Minnesota": ["BEMIDJI",
		"BRAINERD",
		"DULUTH / SUPERIOR",
		"MANKATO",
		"MINNEAPOLIS / ST PAUL",
		"ROCHESTER",
		"SOUTHWEST MN",
		"ST CLOUD"
	],

	"Mississippi": ["GULFPORT / BILOXI",
		"HATTIESBURG",
		"JACKSON",
		"MERIDIAN",
		"NORTH MISSISSIPPI",
		"SOUTHWEST MS"
	],

	"Missouri": ["COLUMBIA / JEFF CITY",
		"JOPLIN",
		"KANSAS CITY",
		"KIRKSVILLE",
		"LAKE OF THE OZARKS",
		"SOUTHEAST MISSOURI",
		"SPRINGFIELD",
		"ST JOSEPH",
		"ST LOUIS"
	],

	"Montana": ["BILLINGS",
		"BOZEMAN",
		"BUTTE",
		"GREAT FALLS",
		"HELENA",
		"KALISPELL",
		"MISSOULA",
		"EASTERN MONTANA"
	],

	"Nebraska": ["GRAND ISLAND",
		"LINCOLN",
		"NORTH PLATTE",
		"OMAHA / COUNCIL BLUFFS",
		"SCOTTSBLUFF / PANHANDLE"
	],

	"Nevada": ["ELKO",
		"LAS VEGAS",
		"RENO / TAHOE"
	],

	"New Hampshire": ["NEW HAMPSHIRE"],

	"New Jersey": ["CENTRAL NJ",
		"JERSEY SHORE",
		"NORTH JERSEY",
		"SOUTH JERSEY"
	],

	"New Mexico": ["ALBUQUERQUE",
		"CLOVIS / PORTALES",
		"FARMINGTON",
		"LAS CRUCES",
		"ROSWELL / CARLSBAD",
		"SANTA FE / TAOS"
	],


	"New York": ["ALBANY",
		"BINGHAMTON",
		"BUFFALO",
		"CATSKILLS",
		"CHAUTAUQUA",
		"ELMIRA-CORNING",
		"FINGER LAKES",
		"GLENS FALLS",
		"HUDSON VALLEY",
		"ITHACA",
		"LONG ISLAND",
		"NEW YORK CITY",
		"ONEONTA",
		"PLATTSBURGH-ADIRONDACKS",
		"POTSDAM-CANTON-MASSENA",
		"ROCHESTER",
		"SYRACUSE",
		"TWIN TIERS NY/PA",
		"UTICA-ROME-ONEIDA",
		"WATERTOWN"
	],

	"North Carolina": ["ASHEVILLE",
		"BOONE",
		"CHARLOTTE",
		"EASTERN NC",
		"FAYETTEVILLE",
		"GREENSBORO",
		"HICKORY / LENOIR",
		"JACKSONVILLE",
		"OUTER BANKS",
		"RALEIGH / DURHAM / CH",
		"WILMINGTON",
		"WINSTON-SALEM"
	],

	"North Dakota": ["BISMARCK",
		"FARGO / MOORHEAD",
		"GRAND FORKS",
		"NORTH DAKOTA"
	],

	"Ohio": ["AKRON / CANTON",
		"ASHTABULA",
		"ATHENS",
		"CHILLICOTHE",
		"CINCINNATI",
		"CLEVELAND",
		"COLUMBUS",
		"DAYTON / SPRINGFIELD",
		"LIMA / FINDLAY",
		"MANSFIELD",
		"SANDUSKY",
		"TOLEDO",
		"TUSCARAWAS CO",
		"YOUNGSTOWN",
		"ZANESVILLE / CAMBRIDGE"
	],

	"Oklahoma": ["LAWTON",
		"NORTHWEST OK",
		"OKLAHOMA CITY",
		"STILLWATER",
		"TULSA"
	],

	"Oregon": ["BEND",
		"CORVALLIS/ALBANY",
		"EAST OREGON",
		"EUGENE",
		"KLAMATH FALLS",
		"MEDFORD-ASHLAND",
		"OREGON COAST",
		"PORTLAND",
		"ROSEBURG",
		"SALEM"
	],

	"Pennsylvania": ["ALTOONA-JOHNSTOWN",
		"CUMBERLAND VALLEY",
		"ERIE",
		"HARRISBURG",
		"LANCASTER",
		"LEHIGH VALLEY",
		"MEADVILLE",
		"PHILADELPHIA",
		"PITTSBURGH",
		"POCONOS",
		"READING",
		"SCRANTON / WILKES-BARRE",
		"STATE COLLEGE",
		"WILLIAMSPORT",
		"YORK"
	],

	"Rhode Island": ["RHODE ISLAND"],

	"South Carolina": ["CHARLESTON",
		"COLUMBIA",
		"FLORENCE",
		"GREENVILLE / UPSTATE",
		"HILTON HEAD",
		"MYRTLE BEACH"
	],

	"South Dakota": ["NORTHEAST SD",
		"PIERRE / CENTRAL SD",
		"RAPID CITY / WEST SD",
		"SIOUX FALLS / SE SD",
		"SOUTH DAKOTA"
	],

	"Tennessee": ["CHATTANOOGA",
		"CLARKSVILLE",
		"COOKEVILLE",
		"JACKSON",
		"KNOXVILLE",
		"MEMPHIS",
		"NASHVILLE",
		"TRI-CITIES"
	],

	"Texas": ["ABILENE",
		"AMARILLO",
		"AUSTIN",
		"BEAUMONT / PORT ARTHUR",
		"BROWNSVILLE",
		"COLLEGE STATION",
		"CORPUS CHRISTI",
		"DALLAS / FORT WORTH",
		"DEEP EAST TEXAS",
		"DEL RIO / EAGLE PASS",
		"EL PASO",
		"GALVESTON",
		"HOUSTON",
		"KILLEEN / TEMPLE / FT HOOD",
		"LAREDO",
		"LUBBOCK",
		"MCALLEN / EDINBURG",
		"ODESSA / MIDLAND",
		"SAN ANGELO",
		"SAN ANTONIO",
		"SAN MARCOS",
		"SOUTHWEST TX",
		"TEXOMA",
		"TYLER / EAST TX",
		"VICTORIA",
		"WACO",
		"WICHITA FALLS"
	],

	"Utah": ["LOGAN",
		"OGDEN-CLEARFIELD",
		"PROVO / OREM",
		"SALT LAKE CITY",
		"ST GEORGE"
	],

	"Vermont": ["VERMONT"],

	"Virginia": ["CHARLOTTESVILLE",
		"DANVILLE",
		"FREDERICKSBURG",
		"HAMPTON ROADS",
		"HARRISONBURG",
		"LYNCHBURG",
		"NEW RIVER VALLEY",
		"RICHMOND",
		"ROANOKE",
		"SOUTHWEST VA",
		"WINCHESTER"
	],

	"Washington": ["BELLINGHAM",
		"KENNEWICK-PASCO-RICHLAND",
		"MOSES LAKE",
		"OLYMPIC PENINSULA",
		"PULLMAN / MOSCOW",
		"SEATTLE-TACOMA",
		"SKAGIT / ISLAND / SJI",
		"SPOKANE / COEUR D",
		"ALENE",
		"WENATCHEE",
		"YAKIMA"
	],

	"West Virginia": ["CHARLESTON",
		"EASTERN PANHANDLE",
		"HUNTINGTON-ASHLAND",
		"MORGANTOWN",
		"NORTHERN PANHANDLE",
		"PARKERSBURG-MARIETTA",
		"SOUTHERN WV",
		"WEST VIRGINIA (OLD)"
	],

	"Wisconsin": ["APPLETON-OSHKOSH-FDL",
		"EAU CLAIRE",
		"GREEN BAY",
		"JANESVILLE",
		"KENOSHA-RACINE",
		"LA CROSSE",
		"MADISON",
		"MILWAUKEE",
		"NORTHERN WI",
		"SHEBOYGAN",
		"WAUSAU"
	],

	"Wyoming": ["WYOMING"],

	"Territories": ["GUAM-MICRONESIA",
		"PUERTO RICO",
		"U.S. VIRGIN ISLANDS"
	]
}